REDA,M
ALICIA,F
SARAH,F
ELENA,F
BOUCHRA,F
KHIREDDINE,M
ABDELDJALIL,M
AZZEDINE,M
DAMIA,F
ANFEL,F
ABDERRAOUF,M
ANIS,M
OUAIL,M
SARA,F
NOURELHAK,F
ROFIEDA,F
MOHAMED OUAIL,M
AHMED,M
HADIL,F
FATMA,F
NARIMENE,F
MALAK,F
ANESS,M
RAYANE,M
IMANE,F
YOUCEF,M
MOHAMED REDA,M
HAYTHAM,M
KAWTHER,F
LYNDA,F
GHADA,F
SARA,F
HANNI,F
MAROUA,F
YASMINE,F
RYMA RACHA,F
SARAH,F
IYAD,M
MOSTEPHA,M
RAYANE,M
SELSSABIL,F
ASSIA,F
ABDERRAHMANE,M
NOUR,F
BILLEL,M
MOHAMED YANIS,M
RAYANE,M
YASSMINE,F
JUBA,F
MOHAMED,M
RACHAD,M
MERIEM,F
AHMED,M
MOHAND,M
LYNA,F
MOHAMED HICHAM,M
KAOUTAR,F
YOUSRA,F
MOHAMED,M
ABDESLEM,M
SARA,F
SAMY,M
ABDERRAHMANE,M
AMIRA,F
DOUAA,F
MALAK,F
ABDERRAHMANE,M
AMINA,F
AYA MALEK,F
ALI,M
MOHAMMED,M
ABIR,F
IMENE,F
LITICIA,F
SARA,F
RAHMA OUISSALE,F
LINA,F
YOUCEF,M
LAKHDAR MOUHIEEDINE,M
AFFAF,F
AHMED YASSIN,M
AHCEN,M
RABAH,M
ADEM ABDELHAFIDH,M
AKBA,M
IDRIS,M
DANIA,F
MALEK,M
BADIS,M
MOHAMED EL AMINE,M
AYA,F
MOHAMED MAHDI,M
MOHAMED ISHAK,M
MOUNIR SOFIANE,M
MANAL,F
ABDELOUAHAB,M
ZINEB HIBAT ERRAHMANE,F
LINA,F
FARES ABDERAOUF,M
MEYSSEM,F
WAFA FERIEL,F
NOUR EL IMANE,F
MOHAMED,M
ABDERRAHMANE,M
MOUHAMED ALI,M
ABOUBAKEUR,M
ACHRAF ABDELMOUAIZ,M
FATIMA ZAHRA NOR ESSALAM,F
AMAL,F
SIRINE,F
CHAIMA,F
YANIS,M
AMEL,F
FATMA ZOHRA,F
YOUCEF,M
SOUHA,F
FATMA,F
KHADIDJA,F
BOUCHRA SOUAD,F
IKRAM,F
DJINANE,F
BESMALA AICHA,F
MOUSAAB,M
MALEK,F
SELOUA,F
MOHAMED,M
SALSABILA,F
MOHAMED ANIS,M
MANEL,F
OMAR,M
AMAR,M
LYLIA INES,F
MOHAMMED,M
NOR EL HOUDA,M
BACEM,M
MOHAMED SALAH EDDINE,M
ABDALLAH,M
NIDHAL,M
DALIA,F
RAYAN,M
MERIEM,F
MOHAMED ADNANE,M
AHLEM,F
SAFA,F
ABDELLAH AIMENE,M
OUSSAMA,M
SAMI,M
RAYAN,M
NADINE,F
KARIM ,M
NOURHANE,F
ROMAISA,F
AHCENE,M
HOCINE,M
KHADIDJA,F
YOUNES,M
OUARDA,F
MAHDI,M
MOHAMED ISLAM,M
RAFIKA HOUDA,F
ANIA,F
MARIA,F
AMIRA,F
YOUNES,M
LYNA,F
MAROUA,F
IDRISS YACINE,M
RANIA,F
IMENE,F
REDA,M
ISHAK,M
AMIRA,F
KHADIDJA,F
MALAK LYNA,F
RAHIMA YOUSRA KHALIDA,F
SOUNDOOUS,F
FATMA,F
LINA,F
SID AHMED,M
ADRIANE ANIS,M
HIBAT ERRAHMEN,F
ABDELMALEK,M
CHAHRAZED,M
MOHAMED IHEB,M
RAMY BOUZID,M
SARAH,F
AYA,F
ZAKARIA,M
IDIR,M
ZAYD AYMEN,M
FERDAOUS,M
NAZIM ABDEERHMANE,M
MOHAMED KHALIL ,M
ABDERRAHMANE,M
MERIEM,F
RIMA,F
MAHDI ABDERRAOUF,M
CHOUROUK,F
TOURIA,F
DALIA,F
AMINE,M
SAAD ALLAH OUSSAMA,M
ALENAS,F
YASMINE,F
OUSSAMA,M
MARWA,F
ZAHRA,F
RAOUA,F
SARAH FARAH ,F
RAYANE RAHMAT ERRAHMANE,F
MOHAMED ELAMINE,M
LYNA,F
SARAH,F
DALIL,M
SAMY ISLEM,M
AYOUB,M
CHERAZ ICHREK,F
ACHRAF,M
IMANE,F
KHADIDJA ,F
MOHAMED EL AMINE,M
CHAIMA,F
ANIS,M
MOHAMED ADAM,M
SAMEH,F
AMIRA,F
INSAF,M
HEYAM INES,F
KAHINA,F
SAAD SEIF EL ISLAM,M
ACHOUAK,F
MOHAMED CHAMES EDDINE,M
MOUNIA HIBET ERRAHMANE,F
SELMA,F
MALAK,F
NASSIBA,F
LYNA DALLEL,F
ABDELALI,M
SARAH,F
DALIL,M
SAMY ISLEM,M
AYOUB,M
CHERAZ ICHREK,F
ACHRAF,M
IMANE,F
KHADIDJA ,F
MOHAMED EL AMINE,M
CHAIMA,M
ANIS,M
MOHAMED ADAM,M
SAMEH,M
AMIRA,F
INSAF,F
HEYAM INES,F
KAHINA,F
SAAD SEIF EL ISLAM,M
ACHOUAK,F
MOHAMED CHAMES EDDINE,M
MOUNIA HIBET ERRAHMANE,F
SELMA,F
MALAK,F
NASSIBA,F
LYNA DALLEL,F
ABDELALI,M
AYATERRAHMANE,F
MOHAMED DIAA EDDINE,M
CHADENE NOUR FARAH,F
HANANE,M
MOULAY REDA,F
ZINEB YASMINE,F
OUSSAMA,M
YOUCEF,M
LOUAI,M
ANIS,M
WISSAL,F
MOUHAMED AMINE,M
LINA,F
AMIR,M
AYOUB SALAH EDDINE,M
YASMINE,F
MOHAMED ISLAM AYMEN,M
ALI,M
MALAK,F
IBTIHAL,F
MANIL,M
SELMA,F;